{
  "pearson_mean": 0.8051477450025779,
  "pearson_std": 0.03954554825968129,
  "spearman_mean": 0.7317990690516823,
  "spearman_std": 0.05590712294287491,
  "all_pearson": [
    0.7972203881394692,
    0.8700710195492322,
    0.712594023231721,
    0.8052381555865216,
    0.8422634519037988,
    0.8706952924347002,
    0.8042244003166701,
    0.7611348599081986,
    0.7843400820838848,
    0.783666255789924,
    0.819497464096554,
    0.7271701803983304,
    0.7911097722062427,
    0.8484368765560073,
    0.8057635801579349,
    0.7735352937247564,
    0.866731727889585,
    0.7706769594132334,
    0.7761225192133663,
    0.8221314374767511,
    0.7903028205421383,
    0.818274956432729,
    0.8253529145541498,
    0.8391940473952416,
    0.8229451460633083
  ],
  "all_spearman": [
    0.7918477030100086,
    0.7744782036560762,
    0.6368632775379874,
    0.7607110534144281,
    0.7580447389635485,
    0.826839855543041,
    0.7137388676439591,
    0.7175891203951147,
    0.6675643179432244,
    0.6203402633647934,
    0.6831452013333106,
    0.6253418814145794,
    0.7573151656246756,
    0.7948147869950875,
    0.7145860597439662,
    0.6716545410519061,
    0.8189269285289836,
    0.7162804092158809,
    0.7551586967602718,
    0.794153062346932,
    0.7409777198072595,
    0.7228926600508544,
    0.7443372119892011,
    0.7217787125115842,
    0.765596287445385
  ],
  "pommix_spearman": 0.779
}