{
  "version": "v27a_umn_gr",
  "target": "NeurIPS/ICML",
  "gr_modifications": [
    "Schwarzschild radius r_s = 2Gm/c^2",
    "Gravitational redshift masking alpha = sqrt(sigmoid(beta*(d-r_s)/r_s))",
    "Schwarzschild force boost F_GR = F_Newton / (1 - r_s/d)",
    "Gravitational time dilation dtau = dt * sqrt(1 + 2*Phi/c^2)",
    "Lorentz factor + relativistic mass m_rel = m * gamma",
    "Velocity cap at 0.99*c",
    "Hawking-like mass decay dm/dt = -kappa/m^2"
  ],
  "new_params": 4,
  "new_param_names": [
    "log_c",
    "log_kappa",
    "log_beta",
    "log_G (shared with Newton)"
  ],
  "pearson_mean": 0.762271101838745,
  "pearson_std": 0.0469342548068836,
  "spearman_mean": 0.7690122140085863,
  "spearman_std": 0.0576193094385849,
  "all_pearson": [
    0.8534906609738809,
    0.8237696165868522,
    0.6923480127445683,
    0.755783068538564,
    0.7570040079374504,
    0.8185418370016286,
    0.7967026817751022,
    0.7604146422008147,
    0.7063670704269679,
    0.7382869048053022,
    0.7308521669832206,
    0.6503234677653824,
    0.7901784615086397,
    0.7577863696163656,
    0.8161998281360502,
    0.7236411102254402,
    0.7438746509271652,
    0.7515872222621818,
    0.7141942549502702,
    0.7698868734967503,
    0.7510371366647492,
    0.7342537171503489,
    0.8127059463835439,
    0.8312681337315615,
    0.7762797031758273
  ],
  "all_spearman": [
    0.8727601059300173,
    0.7834993391990686,
    0.6828798753288683,
    0.7416232670701318,
    0.8036446849073208,
    0.8450926408100002,
    0.8236685834826559,
    0.7558573229824265,
    0.7330225379915104,
    0.7364569684354365,
    0.7456993828160524,
    0.6273204550843928,
    0.8424376799374778,
    0.7769199378005925,
    0.8136163988417977,
    0.7465509810709893,
    0.8018857490080337,
    0.7702962104722966,
    0.7167599782762779,
    0.8246949300387182,
    0.7579889369796986,
    0.6494919949026425,
    0.788853563226247,
    0.7933125697431026,
    0.7909712558789062
  ],
  "learned_params": [
    {
      "G": 0.99710613489151,
      "c": 1.935327172279358,
      "kappa": 0.013563588261604309,
      "beta": 4.980242729187012
    },
    {
      "G": 1.024737000465393,
      "c": 1.942304253578186,
      "kappa": 0.013560711406171322,
      "beta": 4.908300399780273
    },
    {
      "G": 0.9963829517364502,
      "c": 1.9741352796554565,
      "kappa": 0.013553212396800518,
      "beta": 4.966425895690918
    },
    {
      "G": 1.0106391906738281,
      "c": 1.9581787586212158,
      "kappa": 0.01360552478581667,
      "beta": 4.96700382232666
    },
    {
      "G": 0.9863334894180298,
      "c": 1.9914463758468628,
      "kappa": 0.01351174060255289,
      "beta": 4.936478137969971
    },
    {
      "G": 0.9999139308929443,
      "c": 1.9986474514007568,
      "kappa": 0.01315128430724144,
      "beta": 4.96498966217041
    },
    {
      "G": 1.004273533821106,
      "c": 1.9610081911087036,
      "kappa": 0.012974146753549576,
      "beta": 4.929050922393799
    },
    {
      "G": 1.0365264415740967,
      "c": 1.9288476705551147,
      "kappa": 0.013592498376965523,
      "beta": 4.835477352142334
    },
    {
      "G": 1.0121867656707764,
      "c": 1.9558839797973633,
      "kappa": 0.013457131572067738,
      "beta": 4.926725387573242
    },
    {
      "G": 0.9971740245819092,
      "c": 1.9903440475463867,
      "kappa": 0.01365942694246769,
      "beta": 4.943779945373535
    },
    {
      "G": 1.0538769960403442,
      "c": 1.8683048486709595,
      "kappa": 0.013658678159117699,
      "beta": 4.95421028137207
    },
    {
      "G": 0.9955739378929138,
      "c": 1.992551326751709,
      "kappa": 0.013378837145864964,
      "beta": 4.909872055053711
    },
    {
      "G": 0.9862890243530273,
      "c": 2.0032496452331543,
      "kappa": 0.01329831499606371,
      "beta": 4.946147441864014
    },
    {
      "G": 1.0094373226165771,
      "c": 1.9708118438720703,
      "kappa": 0.013481498695909977,
      "beta": 4.87935733795166
    },
    {
      "G": 1.0029716491699219,
      "c": 1.9755092859268188,
      "kappa": 0.013666678220033646,
      "beta": 4.9116716384887695
    },
    {
      "G": 1.00654137134552,
      "c": 1.9516243934631348,
      "kappa": 0.013201264664530754,
      "beta": 4.924872875213623
    },
    {
      "G": 1.0140706300735474,
      "c": 1.9610944986343384,
      "kappa": 0.013478092849254608,
      "beta": 4.896603584289551
    },
    {
      "G": 1.0021989345550537,
      "c": 1.97125244140625,
      "kappa": 0.012623065151274204,
      "beta": 4.918082237243652
    },
    {
      "G": 1.0090893507003784,
      "c": 1.9669164419174194,
      "kappa": 0.01304172445088625,
      "beta": 4.972129821777344
    },
    {
      "G": 0.9882006645202637,
      "c": 2.017564296722412,
      "kappa": 0.013341231271624565,
      "beta": 4.958009719848633
    },
    {
      "G": 0.9982786178588867,
      "c": 1.9669163227081299,
      "kappa": 0.013658001087605953,
      "beta": 4.909529685974121
    },
    {
      "G": 1.00151789188385,
      "c": 1.9576749801635742,
      "kappa": 0.01336347684264183,
      "beta": 4.861536502838135
    },
    {
      "G": 0.9988085031509399,
      "c": 1.9546912908554077,
      "kappa": 0.013638678006827831,
      "beta": 4.9434919357299805
    },
    {
      "G": 0.9939168095588684,
      "c": 1.9638742208480835,
      "kappa": 0.013671325519680977,
      "beta": 5.018820762634277
    },
    {
      "G": 1.0111364126205444,
      "c": 1.9264230728149414,
      "kappa": 0.013478966429829597,
      "beta": 4.957485675811768
    }
  ],
  "baselines": {
    "umn_newton_pearson": 0.805,
    "umn_newton_spearman": 0.732,
    "pommix_spearman": 0.779
  },
  "time_min": 358.7855668147405,
  "theorems_applied": [
    "Theorem 1: Expressiveness F_GR > F_Newton",
    "Theorem 2: Masking optimality via gravitational redshift",
    "Theorem 3: Gradient regularity under regularization",
    "Theorem 4: PAC-Bayes generalization bound (delta_bound = 0.057)"
  ]
}