{
  "version": "v27b_umn_gr",
  "target": "NeurIPS/ICML",
  "improvements": [
    "[A1] Hawking Decay redesign (gradient 62x)",
    "[A2] Redshift Masking redesign (sigmoid desaturation)",
    "[A3] Schwarzschild Boost redesign (softplus, no dead zones)",
    "[B1] Kerr angular momentum (elliptical event horizon)",
    "[B2] Ergosphere frame dragging (lambda_drag)",
    "[C1] Separate optimizer (GR lr=3e-3)",
    "[C2] Combo loss (0.7*MSE + 0.3*(1-Pearson))",
    "[C3] Warm-up 5 epochs",
    "[C4] Gradient Accumulation (accum=2)"
  ],
  "new_params": 6,
  "pearson_mean": 0.78533888498192,
  "pearson_std": 0.03901952461044341,
  "spearman_mean": 0.7579795358009491,
  "spearman_std": 0.05059117280301314,
  "all_pearson": [
    0.7702074571003301,
    0.8354379712132756,
    0.7438723459354265,
    0.74645271668438,
    0.8135403936842205,
    0.8546633582206932,
    0.7989052843239028,
    0.7249222205050991,
    0.7169441148227983,
    0.8105341455081734,
    0.7425206025757287,
    0.7309326084393509,
    0.7661974409516826,
    0.858587893343066,
    0.790496050924594,
    0.7796205832586851,
    0.8271132730714561,
    0.7670242126404498,
    0.7478809387892356,
    0.8000773084965528,
    0.8021938581148714,
    0.8292442167362432,
    0.8137142516424152,
    0.7792147635267305,
    0.7831741140386356
  ],
  "all_spearman": [
    0.7938584486094126,
    0.7579529034842977,
    0.7426692730179988,
    0.6815273191699609,
    0.8179319162927414,
    0.8667243739253158,
    0.742628795891881,
    0.6936533972131391,
    0.73410169663896,
    0.7164257507808778,
    0.8115755961073648,
    0.7195091193258579,
    0.786139976200253,
    0.8665391465478196,
    0.7520543889199376,
    0.7508146881827092,
    0.7862297693347222,
    0.7096048411630482,
    0.7006920868519484,
    0.7951205977542747,
    0.7541907844227491,
    0.7903336486344757,
    0.7423415404225369,
    0.6670536211926711,
    0.7698147149387751
  ],
  "learned_params": [
    {
      "G": 1.0710108280181885,
      "c": 1.8381271362304688,
      "kappa": 0.5600645542144775,
      "beta": 5.15122652053833,
      "beta_s": 1.0141949653625488,
      "lambda_drag": 0.5131405591964722
    },
    {
      "G": 0.930907666683197,
      "c": 2.0789685249328613,
      "kappa": 0.6375880241394043,
      "beta": 4.7612223625183105,
      "beta_s": 0.8918011784553528,
      "lambda_drag": 0.48375117778778076
    },
    {
      "G": 0.9258401989936829,
      "c": 2.090791940689087,
      "kappa": 0.659005343914032,
      "beta": 4.237123012542725,
      "beta_s": 0.8897029757499695,
      "lambda_drag": 0.42718666791915894
    },
    {
      "G": 0.8978645205497742,
      "c": 2.1712987422943115,
      "kappa": 0.6830745935440063,
      "beta": 4.505800724029541,
      "beta_s": 0.8288761973381042,
      "lambda_drag": 0.47022655606269836
    },
    {
      "G": 1.0318611860275269,
      "c": 1.9166895151138306,
      "kappa": 0.563025951385498,
      "beta": 4.602830410003662,
      "beta_s": 0.9674452543258667,
      "lambda_drag": 0.4278353750705719
    },
    {
      "G": 0.8904707431793213,
      "c": 2.185537576675415,
      "kappa": 0.5543749332427979,
      "beta": 4.3350677490234375,
      "beta_s": 0.8481693267822266,
      "lambda_drag": 0.4561258852481842
    },
    {
      "G": 0.9029915928840637,
      "c": 2.1895148754119873,
      "kappa": 0.6061258316040039,
      "beta": 4.634783744812012,
      "beta_s": 0.8982118368148804,
      "lambda_drag": 0.4600852429866791
    },
    {
      "G": 0.8404406905174255,
      "c": 2.351879119873047,
      "kappa": 0.6334632039070129,
      "beta": 5.054692268371582,
      "beta_s": 0.9258860349655151,
      "lambda_drag": 0.5282453298568726
    },
    {
      "G": 1.0296902656555176,
      "c": 1.9309108257293701,
      "kappa": 0.5617655515670776,
      "beta": 4.887594223022461,
      "beta_s": 0.9978848695755005,
      "lambda_drag": 0.4232915937900543
    },
    {
      "G": 1.1098213195800781,
      "c": 1.8159537315368652,
      "kappa": 0.6123461127281189,
      "beta": 5.1743693351745605,
      "beta_s": 1.0948878526687622,
      "lambda_drag": 0.48971930146217346
    },
    {
      "G": 0.971736490726471,
      "c": 2.0292959213256836,
      "kappa": 0.656587541103363,
      "beta": 4.575175762176514,
      "beta_s": 0.8855151534080505,
      "lambda_drag": 0.5193822383880615
    },
    {
      "G": 0.8428117036819458,
      "c": 2.309720039367676,
      "kappa": 0.5534319281578064,
      "beta": 4.526895999908447,
      "beta_s": 0.8225463628768921,
      "lambda_drag": 0.47486862540245056
    },
    {
      "G": 0.9244100451469421,
      "c": 2.131791591644287,
      "kappa": 0.5747205018997192,
      "beta": 4.864660263061523,
      "beta_s": 0.8978776931762695,
      "lambda_drag": 0.5052246451377869
    },
    {
      "G": 1.0997676849365234,
      "c": 1.7817338705062866,
      "kappa": 0.6085309386253357,
      "beta": 4.52114725112915,
      "beta_s": 1.0112510919570923,
      "lambda_drag": 0.5974275469779968
    },
    {
      "G": 0.92570960521698,
      "c": 2.115506887435913,
      "kappa": 0.674168586730957,
      "beta": 4.59773588180542,
      "beta_s": 0.8583846092224121,
      "lambda_drag": 0.5137314200401306
    },
    {
      "G": 0.7949758768081665,
      "c": 2.497610569000244,
      "kappa": 0.7435408234596252,
      "beta": 4.223099231719971,
      "beta_s": 0.7157753705978394,
      "lambda_drag": 0.5077080130577087
    },
    {
      "G": 0.9434559345245361,
      "c": 2.0445432662963867,
      "kappa": 0.6280161142349243,
      "beta": 4.841457366943359,
      "beta_s": 0.8974504470825195,
      "lambda_drag": 0.4422236979007721
    },
    {
      "G": 0.8823376297950745,
      "c": 2.2044146060943604,
      "kappa": 0.6740785837173462,
      "beta": 4.208747863769531,
      "beta_s": 0.8553860187530518,
      "lambda_drag": 0.4446285367012024
    },
    {
      "G": 0.9992585182189941,
      "c": 1.9669597148895264,
      "kappa": 0.5560094118118286,
      "beta": 4.922847747802734,
      "beta_s": 0.9081944823265076,
      "lambda_drag": 0.4832477569580078
    },
    {
      "G": 0.8699668049812317,
      "c": 2.294694662094116,
      "kappa": 0.592053234577179,
      "beta": 5.1759867668151855,
      "beta_s": 0.9114161133766174,
      "lambda_drag": 0.5216134190559387
    },
    {
      "G": 0.8516881465911865,
      "c": 2.3311874866485596,
      "kappa": 0.671992301940918,
      "beta": 5.047423362731934,
      "beta_s": 0.929947555065155,
      "lambda_drag": 0.4403931200504303
    },
    {
      "G": 0.8863469958305359,
      "c": 2.2010438442230225,
      "kappa": 0.7030749320983887,
      "beta": 3.913163661956787,
      "beta_s": 0.8396031260490417,
      "lambda_drag": 0.5326961278915405
    },
    {
      "G": 0.8954582214355469,
      "c": 2.1768479347229004,
      "kappa": 0.7262195348739624,
      "beta": 4.809811592102051,
      "beta_s": 0.8581406474113464,
      "lambda_drag": 0.521159827709198
    },
    {
      "G": 1.0119028091430664,
      "c": 1.929423213005066,
      "kappa": 0.5816816091537476,
      "beta": 4.651577472686768,
      "beta_s": 0.9323028922080994,
      "lambda_drag": 0.47051769495010376
    },
    {
      "G": 0.9390404224395752,
      "c": 2.111570358276367,
      "kappa": 0.6599552631378174,
      "beta": 4.184579849243164,
      "beta_s": 0.8568399548530579,
      "lambda_drag": 0.45247215032577515
    }
  ],
  "baselines": {
    "umn_newton_pearson": 0.805,
    "umn_newton_spearman": 0.732,
    "umn_gr_v27a_pearson": 0.762,
    "umn_gr_v27a_spearman": 0.769,
    "pommix_spearman": 0.779
  },
  "time_min": 800.825869512558
}