{
  "phase1_cv": {
    "name": "Full GR v29",
    "time_min": 364.95375315745673,
    "top1": {
      "pearson_mean": 0.812772704158536,
      "pearson_std": 0.028772129280632087,
      "spearman_mean": 0.8322916613364894,
      "spearman_std": 0.034186190037984475,
      "spearman_all": [
        0.8124256363334975,
        0.8844975768278491,
        0.7776053773958996,
        0.7763771428910556,
        0.880928071973172,
        0.8692086923397183,
        0.8028941234255913,
        0.8415535138191058,
        0.8407682228085596,
        0.8081517807942266,
        0.8465168643062883,
        0.7695597650054199,
        0.819902241797697,
        0.834681244580918,
        0.8516139419362594,
        0.8002315319598184,
        0.8805209423117406,
        0.835999678538802,
        0.8018458376336193,
        0.8664453216348671,
        0.8285486892406236,
        0.8850853784683744,
        0.8629241665672645,
        0.8060296672328894,
        0.8229761235889718
      ]
    },
    "top3": {
      "pearson_mean": 0.8492128938947132,
      "pearson_std": 0.026056817292512448,
      "spearman_mean": 0.8660523132766271,
      "spearman_std": 0.03345785140486007,
      "spearman_all": [
        0.8568993798044137,
        0.8872470602969923,
        0.8374508596891781,
        0.8335530762903968,
        0.8974571304894241,
        0.9136499210786564,
        0.8193423909733402,
        0.8801099778263319,
        0.8709472550546329,
        0.8756974034414331,
        0.8980343303202558,
        0.789545615740904,
        0.8589092199829619,
        0.8760832865510577,
        0.9072476599163866,
        0.8237384337023391,
        0.9032719673166913,
        0.8443283223215332,
        0.8193073291048467,
        0.8762691834901418,
        0.8851926586614636,
        0.8991864171610693,
        0.8965439622127302,
        0.8167383539886016,
        0.884556636499898
      ]
    },
    "top5": {
      "pearson_mean": 0.8535765039135321,
      "pearson_std": 0.02749636953523566,
      "spearman_mean": 0.868511082417675,
      "spearman_std": 0.032635039573648716,
      "spearman_all": [
        0.8596809986115245,
        0.8819249607163702,
        0.8434321921483666,
        0.8499051359830656,
        0.8927942637873687,
        0.9202743010498727,
        0.8040517727544653,
        0.8737428553297258,
        0.8597888915070704,
        0.8514832383124893,
        0.8947702711439651,
        0.8026658524264669,
        0.8563527032758484,
        0.8853123242562462,
        0.9221047568567443,
        0.8515383195524199,
        0.9193021948290133,
        0.8443283223215332,
        0.8405473201117449,
        0.8850479536586853,
        0.877089178505885,
        0.887513265404061,
        0.9003062922849633,
        0.8163524553667741,
        0.8924672402472023
      ]
    },
    "best": {
      "pearson_mean": 0.812772704158536,
      "pearson_std": 0.028772129280632087,
      "spearman_mean": 0.8322916613364894,
      "spearman_std": 0.034186190037984475,
      "spearman_all": [
        0.8124256363334975,
        0.8844975768278491,
        0.7776053773958996,
        0.7763771428910556,
        0.880928071973172,
        0.8692086923397183,
        0.8028941234255913,
        0.8415535138191058,
        0.8407682228085596,
        0.8081517807942266,
        0.8465168643062883,
        0.7695597650054199,
        0.819902241797697,
        0.834681244580918,
        0.8516139419362594,
        0.8002315319598184,
        0.8805209423117406,
        0.835999678538802,
        0.8018458376336193,
        0.8664453216348671,
        0.8285486892406236,
        0.8850853784683744,
        0.8629241665672645,
        0.8060296672328894,
        0.8229761235889718
      ]
    }
  },
  "constants": {
    "G": 1.1856131553649902,
    "c": 2.183990240097046,
    "kappa": 0.7473074793815613,
    "beta": 4.953032493591309,
    "beta_s": 1.180504322052002,
    "lambda_drag": 0.4722455143928528,
    "eta": 0.3678794801235199
  },
  "ablation_newton": {
    "name": "Newton (no GR)",
    "best": {
      "pearson": [
        0.7534787288367117,
        0.6976072214265765,
        0.7678575542010306,
        0.7620907119481065,
        0.7807196039046994,
        0.7344684992810872,
        0.7143646663260282,
        0.7606001381710253,
        0.7856062081998236
      ],
      "spearman": [
        0.790982581958127,
        0.6852251519395877,
        0.7842783874416156,
        0.7883893505811906,
        0.7541322888745933,
        0.7880322115859604,
        0.7706873773851927,
        0.7457895506074023,
        0.8157715628875881
      ],
      "pearson_mean": 0.7507548146994544,
      "spearman_mean": 0.7692542736956952
    }
  },
  "ablation_lite": {
    "name": "Lite (no Kerr/Ergo)",
    "best": {
      "pearson": [
        0.7626646739588749,
        0.7805801752945735,
        0.7693491455732043,
        0.7520508606666838,
        0.7478142242518072,
        0.7476718302936759,
        0.7816765180282803,
        0.7726887562600747,
        0.7689355228154928
      ],
      "spearman": [
        0.7596987249670267,
        0.7521586265128093,
        0.770954221630468,
        0.7649253667952385,
        0.8059762133344375,
        0.7380584045312967,
        0.7794970449319516,
        0.7882296155785853,
        0.7840088899374527
      ],
      "pearson_mean": 0.7648257452380742,
      "spearman_mean": 0.7715007898021407,
      "spearman_std": 0.01933372751569087
    }
  },
  "ablation_dpos_3": {
    "name": "D_POS=3",
    "best": {
      "pearson": [
        0.6304748555323368,
        0.6199141176187136,
        0.6447442836997861,
        0.606378353370012,
        0.6946637644320438,
        0.6571670828598943,
        0.6092035520114767,
        0.6702284725293397,
        0.6918560561251258
      ],
      "spearman": [
        0.6594264800480557,
        0.6416168212682248,
        0.6269719732521493,
        0.6040152861858397,
        0.7201458461021236,
        0.6731429345803784,
        0.6208599268149367,
        0.7205853245398224,
        0.7231697472954886
      ],
      "pearson_mean": 0.6471811709087477,
      "spearman_mean": 0.6655482600096688,
      "spearman_std": 0.043804570537209014
    }
  }
}