{
  "phase1_cv": {
    "name": "Modified GR v29",
    "time_min": 43.16996789375941,
    "top1": {
      "pearson_mean": 0.7731454662987828,
      "pearson_std": 0.04811013768956339,
      "spearman_mean": 0.791604120944053,
      "spearman_std": 0.04927225421440741,
      "spearman_all": [
        0.693796829634864,
        0.8101650500568047,
        0.7222458944470125,
        0.8209473586905421,
        0.8340421433414686,
        0.8202654577950993,
        0.7229037704929913,
        0.8070166978526665,
        0.7491860343836082,
        0.790561942380505,
        0.8484141991969399,
        0.8000128633907833,
        0.756198347498431,
        0.8609534529611931,
        0.8373517720378859
      ]
    },
    "top3": {
      "pearson_mean": 0.8014088426577909,
      "pearson_std": 0.04481115609990907,
      "spearman_mean": 0.8260318311625727,
      "spearman_std": 0.040775084056663795,
      "spearman_all": [
        0.7453291318128418,
        0.8345566665637644,
        0.7556899038962384,
        0.867656044440004,
        0.8441557404297202,
        0.8463288556915605,
        0.7675536619691381,
        0.8322761661409702,
        0.8123095722621825,
        0.8022509849095504,
        0.8602323444904064,
        0.8218960032548169,
        0.8622535940400662,
        0.8527212799558682,
        0.8852675175814636
      ]
    },
    "best": {
      "pearson_mean": 0.7731454662987828,
      "pearson_std": 0.04811013768956339,
      "spearman_mean": 0.791604120944053,
      "spearman_std": 0.04927225421440741,
      "spearman_all": [
        0.693796829634864,
        0.8101650500568047,
        0.7222458944470125,
        0.8209473586905421,
        0.8340421433414686,
        0.8202654577950993,
        0.7229037704929913,
        0.8070166978526665,
        0.7491860343836082,
        0.790561942380505,
        0.8484141991969399,
        0.8000128633907833,
        0.756198347498431,
        0.8609534529611931,
        0.8373517720378859
      ]
    }
  },
  "constants": {
    "G": 1.1324176788330078,
    "c": 2.13067364692688,
    "kappa": 0.4615143835544586,
    "beta": 4.953032493591309,
    "beta_s": 0.9806585907936096,
    "lambda_drag": 0.4861149191856384,
    "eta": 0.3678794801235199
  },
  "ablation_newton": {
    "name": "Newton (no GR)",
    "best": {
      "pearson": [
        0.7692864335075335,
        0.6300667137082602,
        0.7188594506253044,
        0.5856564350565847,
        0.7415455281322049,
        0.6553548839869093,
        0.7871050610975473,
        0.8165954416534109,
        0.7122140953541507
      ],
      "spearman": [
        0.7706822791531572,
        0.6310949832419285,
        0.7191507539289568,
        0.667562579447353,
        0.7458286310699673,
        0.686800393835592,
        0.8121210648231466,
        0.795542699609778,
        0.7453524209939398
      ],
      "pearson_mean": 0.7129648936802118,
      "spearman_mean": 0.7304595340115355
    }
  }
}